,Years,ArcelorMittal - BAU,ArcelorMittal - DBM,ArcelorMittal - GBM,Votorantim - BAU,Votorantim - DBM,Votorantim - GBM,Ternium - BAU,Ternium - DBM,Ternium - GBM,Suzano - BAU,Suzano - DBM,Suzano - GBM,CBA - BAU,CBA - DBM,CBA - GBM,Intercement - BAU,Intercement - DBM,Intercement - GBM
0,2024,30.15952837,20.923557250795966,29.755915459716032,14.94900345,14.734012994974812,14.748946913495892,12.75925285,11.907161614628059,12.588500870305248,4.0857945099999995,3.7894545027345763,4.031115955588528,2.94601747,2.705336272448961,2.9065920960277443,1.5764660400000001,1.5267868401978089,1.555368825263673
1,2025,30.15952837,20.268292091774867,29.357703939644452,14.94900345,14.458713228883015,14.551567653636472,12.75925285,11.879436082214246,12.420033996087476,4.0857945099999995,3.5413443759697136,3.977169142410056,2.94601747,2.6179634147715616,2.867694336072948,1.5764660400000001,1.522038761107034,1.5345539461174171
2,2026,30.15952837,19.944908636835,28.96482152513954,14.94900345,14.324603170347476,14.356829841498785,12.75925285,11.776468045950391,12.253821646693675,4.0857945099999995,3.3017375803936964,3.9239442778642144,2.94601747,2.5644487038768817,2.829317129288157,1.5764660400000001,1.5179965306794299,1.5140176241769092
3,2027,30.15952837,19.851068498985757,28.57719689891209,14.94900345,14.284678621039259,14.164698127644034,12.75925285,11.671361589989388,12.089833650719493,4.0857945099999995,3.1068861267341887,3.8714317004010903,2.94601747,2.5445855488768667,2.7914535093184165,1.5764660400000001,1.5158743945590507,1.493756131622433
4,2028,30.15952837,19.83468094473227,28.19475969808368,14.94900345,14.278100375950116,13.975137635700829,12.75925285,11.60077717752098,11.928040240532425,4.0857945099999995,2.9683243975390594,3.8196218777674322,2.94601747,2.540488415467415,2.7540966030367153,1.5764660400000001,1.5150543661246931,1.4737657905221937
5,2029,30.15952837,19.832949509386083,27.817440501414136,14.94900345,14.277957070365245,13.788113956034307,12.75925285,11.565521770936224,11.768412046868281,4.0857945099999995,2.880513464578431,3.7685054052763194,2.94601747,2.540008522880932,2.7172396292963517,1.5764660400000001,1.514808270736872,1.4540429721646857
6,2030,30.15952837,19.832838670762314,27.445170816700003,14.94900345,14.278163031171871,13.6035931395,12.75925285,11.551868441991655,11.610920093499999,4.0857945099999995,2.830379573118299,3.7180730041,2.94601747,2.5399758174540064,2.6808758977,1.5764660400000001,1.5147495874142016,1.4345840964
