,Years,ArcelorMittal - Moving Average,ArcelorMittal - SVR,ArcelorMittal - Linear,CBA - Moving Average,CBA - SVR,CBA - Linear,Intercement - Moving Average,Intercement - SVR,Intercement - Linear,Suzano - Moving Average,Suzano - SVR,Suzano - Linear,Ternium Brasil - Moving Average,Ternium Brasil - SVR,Ternium Brasil - Linear,Votorantim - Moving Average,Votorantim - SVR,Votorantim - Linear
0,2024,25.95719512,20.923557250795966,29.76745450119,2.96526779,2.7049349337592345,2.90771924289,1.58954996,1.5267868401978089,1.5559719814800002,4.06737169,3.7894545027345763,4.03267918137,12.039497385,11.907161614628059,12.59338256295,15.250767950000002,14.734012994974814,14.754666405150001
1,2025,25.95719512,20.268292091774867,29.37538063238,2.96526779,2.61768621408206,2.8694210157799995,1.58954996,1.522038761107034,1.5354779229600002,4.06737169,3.5413443759697136,3.9795638527399997,12.039497385,11.879436082214246,12.4275122759,15.250767950000002,14.458713228883017,14.5603293603
2,2026,25.95719512,19.944908636835,28.98330676357,2.96526779,2.564327813550465,2.8311227886699997,1.58954996,1.5179965306794299,1.5149838644400002,4.06737169,3.3017375803936964,3.9264485241099996,12.039497385,11.776468045950391,12.26164198885,15.250767950000002,14.324603170347478,14.36599231545
3,2027,25.95719512,19.851068498985757,28.59123289476,2.96526779,2.544528740240489,2.79282456156,1.58954996,1.5158743945590507,1.49448980592,4.06737169,3.1068861267341887,3.8733331954799994,12.039497385,11.671361589989388,12.095771701799999,15.250767950000002,14.28467862103926,14.1716552706
4,2028,25.95719512,19.83468094473227,28.19915902595,2.96526779,2.5404449207655415,2.7545263344499995,1.58954996,1.5150543661246931,1.4739957474,4.06737169,2.9683243975390594,3.8202178668499993,12.039497385,11.60077717752098,11.929901414749999,15.250767950000002,14.278100375950117,13.97731822575
5,2029,25.95719512,19.832949509386083,27.80708515714,2.96526779,2.539966576180345,2.7162281073399996,1.58954996,1.514808270736872,1.45350168888,4.06737169,2.880513464578431,3.7671025382199996,12.039497385,11.565521770936224,11.7640311277,15.250767950000002,14.277957070365247,13.782981180900002
6,2030,25.95719512,19.832838670762314,27.41501128833,2.96526779,2.539933975452329,2.67792988023,1.58954996,1.5147495874142016,1.4330076303600001,4.06737169,2.830379573118299,3.7139872095899995,12.039497385,11.551868441991655,11.59816084065,15.250767950000002,14.278163031171873,13.58864413605
